{"cameraMode":{"drawMode":0,"name":"Shaded","section":"Shading Mode"},"sceneLighting":true,"audioPlay":false,"sceneViewState":{"m_AlwaysRefresh":false,"showFog":true,"showSkybox":true,"showFlares":true,"showImageEffects":true,"showParticleSystems":true,"showVisualEffectGraphs":true,"m_FxEnabled":true},"in2DMode":false,"pivot":{"x":8.596576690673829,"y":-7.6134538650512699,"z":1.3048365116119385},"rotation":{"x":0.13045285642147065,"y":0.6558544635772705,"z":-0.11650852113962174,"w":0.7343490123748779},"size":33.620445251464847,"orthographic":false}