{"cameraMode":{"drawMode":0,"name":"Shaded","section":"Shading Mode"},"sceneLighting":true,"audioPlay":false,"sceneViewState":{"m_AlwaysRefresh":false,"showFog":true,"showSkybox":true,"showFlares":true,"showImageEffects":true,"showParticleSystems":true,"showVisualEffectGraphs":true,"m_FxEnabled":true},"in2DMode":false,"pivot":{"x":-0.03666377067565918,"y":1.1637096405029297,"z":0.6521506309509277},"rotation":{"x":0.02534540742635727,"y":0.9545254111289978,"z":-0.08499450981616974,"w":0.28463488817214968},"size":1.626129388809204,"orthographic":false}